{"quoteResponse":{"result":[{"language":"en-US","region":"US","quoteType":"EQUITY","quoteSourceName":"Nasdaq Real Time Price","triggerable":true,"currency":"USD","trailingAnnualDividendRate":0.82,"trailingPE":28.495987,"trailingAnnualDividendYield":0.0056559527,"epsTrailingTwelveMonths":5.108,"epsForward":5.34,"epsCurrentYear":5.18,"priceEpsCurrentYear":28.099903,"sharesOutstanding":16687599616,"bookValue":3.882,"fiftyDayAverage":138.97458,"fiftyDayAverageChange":6.5829163,"fiftyDayAverageChangePercent":0.047367774,"twoHundredDayAverage":131.15305,"twoHundredDayAverageChange":14.404449,"twoHundredDayAverageChangePercent":0.109829314,"marketCap":2429005070336,"forwardPE":27.257957,"priceToBook":37.49549,"sourceInterval":15,"exchangeDataDelayedBy":0,"averageAnalystRating":"2.0 - Buy","tradeable":false,"marketState":"REGULAR","shortName":"Apple Inc.","exchange":"NMS","longName":"Apple Inc.","messageBoardId":"finmb_24937","exchangeTimezoneName":"America/New_York","exchangeTimezoneShortName":"EDT","gmtOffSetMilliseconds":-14400000,"market":"us_market","esgPopulated":false,"firstTradeDateMilliseconds":345479400000,"priceHint":2,"regularMarketChange":0.5774994,"regularMarketChangePercent":0.3983304,"regularMarketTime":1627587163,"regularMarketPrice":145.5575,"regularMarketDayHigh":146.47,"regularMarketDayRange":"144.58 - 146.47","regularMarketDayLow":144.58,"regularMarketVolume":44682740,"regularMarketPreviousClose":144.98,"bid":145.79,"ask":145.8,"bidSize":10,"askSize":10,"fullExchangeName":"NasdaqGS","financialCurrency":"USD","regularMarketOpen":144.685,"averageDailyVolume3Month":85252765,"averageDailyVolume10Day":92195612,"fiftyTwoWeekLowChange":51.789993,"fiftyTwoWeekLowChangePercent":0.55232346,"fiftyTwoWeekRange":"93.7675 - 150.0","fiftyTwoWeekHighChange":-4.442505,"fiftyTwoWeekHighChangePercent":-0.029616699,"fiftyTwoWeekLow":93.7675,"fiftyTwoWeekHigh":150.0,"dividendDate":1620864000,"earningsTimestamp":1627403400,"earningsTimestampStart":1635332340,"earningsTimestampEnd":1635768000,"displayName":"Apple","symbol":"AAPL"}],"error":null}}