Company,Symbol,Industry,Offer Date,Shares (millions),Offer Price,1st Day Close,Current Price,Return,SCOOP Rating
Metals Acquisition Corp,MTAL.U,Blank Check,7/29/2021,25.0,$10.00,$0.00,$0.00,0.00%,S/O
"Nuvalent, Inc.",NUVL,Health Care,7/29/2021,9.8,$17.00,$0.00,$0.00,0.00%,S/O
Rallybio Corp.,RLYB,Health Care,7/29/2021,6.2,$13.00,$0.00,$0.00,0.00%,S/O
Software Acquisition Group Inc. III,SWAGU,Blank Check,7/29/2021,20.0,$10.00,$0.00,$0.00,0.00%,S/O
Traeger Inc. (TGPX Holdings I LLC),COOK,Industrials,7/29/2021,23.5,$18.00,$0.00,$0.00,0.00%,S/O
DA32 Life Science Tech Acquisition,DALS,Blank Check,7/28/2021,20.0,$10.00,$9.84,$9.84,-1.60%,S/O
"Duolingo, Inc.",DUOL,Technology,7/28/2021,5.1,$102.00,$139.01,$139.01,36.28%,S/O
"MeridianLink, Inc.",MLNK,Technology,7/28/2021,13.2,$26.00,$24.60,$24.60,-5.38%,S/O
"PowerSchool Holdings, Inc.",PWSC,Technology,7/28/2021,39.5,$18.00,$18.00,$18.00,0.00%,S/O
Snap One Holdings Corp.,SNPO,Industrials,7/28/2021,13.9,$18.00,$16.55,$16.55,-8.06%,S/O
Candel Therapeutics,CADL,Health Care,7/27/2021,9.0,$8.00,$7.00,$6.89,-13.88%,S/O
Caribou Biosciences,CRBU,Health Care,7/23/2021,19.0,$16.00,$16.32,$15.75,-1.56%,S/O
"Core & Main, Inc.",CNM,Industrials,7/23/2021,34.9,$20.00,$23.70,$25.16,25.80%,S/O
Cytek BioSciences,CTKB,Health Care,7/23/2021,16.8,$17.00,$18.76,$19.85,16.76%,S/O
Gambling.com Group Limited,GAMB,Consumer Services,7/23/2021,5.3,$8.00,$8.00,$7.07,-11.63%,S/O
Outbrain Inc.,OB,Technology,7/23/2021,8.0,$20.00,$20.00,$20.00,0.00%,S/O
SOPHiA GENETICS SA,SOPH,Financials,7/23/2021,13.0,$18.00,$16.76,$15.94,-11.44%,S/O
U.S. Century Bank,USCB,Financials,7/23/2021,4.0,$10.00,$10.82,$10.57,5.70%,S/O
"Xponential Fitness, Inc.",XPOF,Consumer Services,7/23/2021,10.0,$12.00,$12.25,$11.95,-0.42%,S/O
AbSci Corp.,ABSI,Health Care,7/22/2021,12.5,$16.00,$21.59,$24.50,53.13%,S/O
"Couchbase, Inc.",BASE,Technology,7/22/2021,8.3,$24.00,$30.40,$30.29,26.21%,S/O
"Instructure Holdings, Inc.",INST,Technology,7/22/2021,12.5,$20.00,$20.98,$18.97,-5.15%,S/O
"Ryan Specialty Group Holdings, Inc.",RYAN,Financials,7/22/2021,56.9,$23.50,$27.50,$29.65,26.17%,S/O
Zenvia Inc.,ZENV,Technology,7/22/2021,11.5,$13.00,$10.20,$10.47,-19.46%,S/O
Zevia PBC,ZVIA,Consumer Goods,7/22/2021,10.7,$14.00,$13.65,$13.01,-7.07%,S/O
CS Disco,LAW,Technology,7/21/2021,7.0,$32.00,$41.00,$40.50,26.56%,S/O
"Kaltura, Inc.",KLTR,Technology,7/21/2021,15.0,$10.00,$12.00,$11.29,12.90%,S/O
"Paycor HCM, Inc.",PYCR,Technology,7/21/2021,18.5,$23.00,$26.05,$27.30,18.70%,S/O
Twin Vee PowerCats,VEEE,Consumer Goods,7/21/2021,3.0,$6.00,$7.49,$4.76,-20.67%,S/O
VTEX,VTEX,Technology,7/21/2021,19.0,$19.00,$0.00,$24.48,28.84%,S/O
HCW Biologics Inc.,HCWB,Health Care,7/20/2021,7.0,$8.00,$6.30,$5.23,-34.63%,S/O
"Blend Labs, Inc.",BLND,Technology,7/16/2021,20.0,$18.00,$20.90,$17.80,-1.11%,S/O
Bridge Investment Group Holdings Inc.,BRDG,Financials,7/16/2021,18.8,$16.00,$15.65,$15.60,-2.50%,S/O
"Erasca, Inc.",ERAS,Health Care,7/16/2021,18.8,$16.00,$17.43,$20.00,25.00%,S/O
"Imago BioSciences, Inc.",IMGO,Health Care,7/16/2021,8.4,$16.00,$16.29,$16.20,1.25%,S/O
Regencell Bioscience Holdings Ltd.,RGC,Health Care,7/16/2021,2.3,$9.50,$10.50,$9.11,-4.11%,S/O
Stevanato Group S.p.A.,STVN,Health Care,7/16/2021,32.0,$21.00,$19.67,$19.70,-6.19%,S/O
TScan Therapeutics,TCRX,Health Care,7/16/2021,6.7,$15.00,$10.50,$9.66,-35.60%,S/O
F45 Training Holdings Inc.,FXLV,Consumer Services,7/15/2021,20.3,$16.00,$16.20,$15.05,-5.94%,S/O
Membership Collective Group Inc.,MCG,Other,7/15/2021,30.0,$14.00,$12.66,$12.05,-13.93%,S/O
"Phillips Edison & Company, Inc.",PECO,Financials,7/15/2021,17.0,$28.00,$27.83,$27.72,-1.00%,S/O
"Rapid Micro Biosystems, Inc.",RPID,Health Care,7/15/2021,7.9,$20.00,$21.40,$22.27,11.35%,S/O
"SERA PROGNOSTICS, INC.",SERA,Health Care,7/15/2021,4.7,$16.00,$11.90,$10.12,-36.75%,S/O
"Sight Sciences, Inc.",SGHT,Health Care,7/15/2021,10.0,$24.00,$33.50,$36.25,51.04%,S/O
ARYA Sciences Acquisition Corp V,ARYE,Blank Check,7/13/2021,13.0,$10.00,$10.05,$10.00,0.00%,S/O
Sentage Holdings Inc.,SNTG,Financials,7/9/2021,4.0,$5.00,$34.89,$4.59,-8.20%,S/O
"Transcode Therapeutics, Inc.",RNAZ,Health Care,7/9/2021,6.3,$4.00,$5.29,$2.98,-25.50%,S/O
AltC Acquisition Corp. (formerly Churchill Capital Corp. VIII),ALCC,Blank Check,7/8/2021,45.0,$10.00,$9.98,$9.85,-1.50%,S/O
Moving iMage Technologies,MITQ,Consumer Goods,7/8/2021,4.2,$3.00,$24.00,$4.07,35.67%,S/O
NYXOAH SA,NYXH,Health Care,7/2/2021,2.8,$30.00,$30.11,$33.00,10.00%,S/O
"Acumen Pharmaceuticals, Inc.",ABOS,Health Care,7/1/2021,10.0,$16.00,$20.10,$14.90,-6.88%,S/O
D-MARKET Electronic Services & Trading (Hepsiburada),HEPS,Consumer Goods,7/1/2021,56.7,$12.00,$13.43,$13.92,16.00%,S/O
Eco Wave Power Global AB,WAVE,Technology,7/1/2021,1.0,$8.00,$10.85,$9.16,14.50%,S/O
EverCommerce Inc.,EVCM,Technology,7/1/2021,19.1,$17.00,$17.60,$18.62,9.53%,S/O
"Krispy Kreme, Inc.",DNUT,Consumer Goods,7/1/2021,29.4,$17.00,$21.00,$15.95,-6.18%,S/O
"The Glimpse Group, Inc.",VRAR,Technology,7/1/2021,1.8,$7.00,$17.66,$8.12,16.00%,S/O
Torrid Holdings,CURV,Consumer Goods,7/1/2021,11.0,$21.00,$24.15,$22.97,9.38%,S/O
"Aerovate Therapeutics, Inc.",AVTE,Health Care,6/30/2021,8.7,$14.00,$22.83,$13.25,-5.36%,S/O
"Clear Secure, Inc.",YOU,Technology,6/30/2021,13.2,$31.00,$40.00,$45.27,46.03%,S/O
"CVRx, Inc.",CVRX,Health Care,6/30/2021,7.0,$18.00,$28.00,$19.48,8.22%,S/O
DiDi Global Inc.,DIDI,Technology,6/30/2021,317.0,$14.00,$14.14,$8.87,-36.64%,S/O
Integral Ad Science Holding,IAS,Technology,6/30/2021,15.0,$18.00,$20.58,$17.70,-1.67%,S/O
"LegalZoom.com, Inc",LZ,Technology,6/30/2021,19.1,$28.00,$37.85,$35.39,26.39%,S/O
"Pop Culture Group Co., Ltd",CPOP,Consumer Services,6/30/2021,6.2,$6.00,$30.30,$6.00,0.00%,S/O
SentinelOne,S,Technology,6/30/2021,35.0,$35.00,$42.50,$49.81,42.31%,S/O
Social Capital Suvretta Holdings Corp. I,DNAA,Blank Check,6/30/2021,22.0,$10.00,$10.11,$9.85,-1.50%,S/O
Social Capital Suvretta Holdings Corp. II,DNAB,Blank Check,6/30/2021,22.0,$10.00,$10.12,$9.87,-1.30%,S/O
Social Capital Suvretta Holdings Corp. IV,DNAD,Blank Check,6/30/2021,22.0,$10.00,$10.10,$9.86,-1.40%,S/O
"Xometry, Inc.",XMTR,Industrials,6/30/2021,6.9,$44.00,$87.39,$71.59,62.70%,S/O
Dingdong (Cayman) Limited,DDL,Consumer Services,6/29/2021,3.7,$23.50,$23.52,$26.22,11.57%,S/O
Gobi Acquisition Corp.,GOBI,Blank Check,6/29/2021,25.0,$10.00,$9.91,$9.80,-2.00%,S/O
"Acurx Pharmaceuticals, LLC*",ACXP,Health Care,6/25/2021,2.5,$6.00,$7.89,$5.20,-13.33%,S/O
"Alpha Teknova, Inc.",TKNO,Health Care,6/25/2021,6.0,$16.00,$25.00,$19.16,19.75%,S/O
"Elevation Oncology, Inc.",ELEV,Health Care,6/25/2021,6.3,$16.00,$11.44,$8.20,-48.75%,S/O
GH Research PLC,GHRS,Health Care,6/25/2021,10.0,$16.00,$19.25,$17.00,6.25%,S/O
"Graphite Bio, Inc.",GRPH,Health Care,6/25/2021,14.0,$17.00,$18.50,$21.48,26.35%,S/O
Missfresh Limited,MF,Consumer Services,6/25/2021,21.0,$13.00,$9.66,$6.10,-53.08%,S/O
"Mister Car Wash, Inc.",MCW,Consumer Services,6/25/2021,37.5,$15.00,$20.30,$21.07,40.47%,S/O
Bon Natural Life Limited,BON,Consumer Services,6/24/2021,2.2,$5.00,$7.20,$12.30,146.00%,S/O
Bright Health Group,BHG,Health Care,6/24/2021,51.4,$18.00,$16.64,$12.25,-31.94%,S/O
"Confluent, Inc.",CFLT,Technology,6/24/2021,23.0,$36.00,$45.02,$39.23,8.97%,S/O
"Doximity, Inc.",DOCS,Technology,6/24/2021,23.3,$26.00,$53.00,$57.97,122.96%,S/O
"GROVE, INC.",GRVI,Consumer Goods,6/24/2021,2.2,$5.00,$5.60,$5.62,12.40%,S/O
Miromatrix Medical Inc.,MIRO,Health Care,6/24/2021,4.8,$9.00,$15.24,$10.12,12.44%,S/O
Monte Rosa Therapeutics,GLUE,Health Care,6/24/2021,11.7,$19.00,$21.18,$23.00,21.05%,S/O
Coliseum Acquisition Corp.,MITAU,Blank Check,6/23/2021,15.0,$10.00,$9.90,$9.89,-1.10%,S/O
First Advantage Corp.,FA,Other,6/23/2021,25.5,$15.00,$19.70,$18.70,24.67%,S/O
"Sprinklr, Inc.",CXM,Technology,6/23/2021,16.6,$16.00,$17.60,$18.90,18.13%,S/O
Full Truck Alliance Co. Ltd.,YMM,Technology,6/22/2021,82.5,$19.00,$21.50,$9.86,-48.11%,S/O
AiHuiShou International Co. Ltd.,RERE,Consumer Goods,6/18/2021,16.2,$14.00,$17.21,$12.01,-14.21%,S/O
Ambrx Biopharma,AMAM,Health Care,6/18/2021,7.0,$18.00,$17.05,$21.99,22.17%,S/O
ATAI Life Sciences B.V.*,ATAI,Health Care,6/18/2021,15.0,$15.00,$19.45,$16.23,8.20%,S/O
"Century Therapeutics, Inc.",IPSC,Health Care,6/18/2021,10.6,$20.00,$0.00,$28.25,41.25%,S/O
Codex DNA,DNAY,Health Care,6/18/2021,6.7,$16.00,$18.50,$15.49,-3.19%,S/O
Cyteir Therapeutics,CYT,Health Care,6/18/2021,7.4,$18.00,$17.40,$17.83,-0.94%,S/O
Femasys Inc.,FEMY,Health Care,6/18/2021,2.7,$13.00,$12.00,$7.24,-44.31%,S/O
Tremor International Ltd.,TRMR,Technology,6/18/2021,6.8,$19.00,$17.90,$23.25,22.37%,S/O
"Angel Oak Mortgage, Inc.",AOMR,Financials,6/17/2021,8.1,$19.00,$18.65,$18.15,-4.47%,S/O
iSpecimen Inc.,ISPC,Health Care,6/17/2021,2.3,$8.00,$7.15,$5.76,-28.00%,S/O
"Lyell Immunopharma, Inc.",LYEL,Health Care,6/17/2021,25.0,$17.00,$16.89,$13.51,-20.53%,S/O
